0,0,0,0,0,0,0,0,0,0,0,0,0,0,0,0,0,0,0,0,0
345.93023681640625,366.46875,325.10491943359375,352.82147216796875,338.1023864746094,366.0907897949219,369.2870788574219,372.6891784667969,391.8134765625,361.883056640625,397.56378173828125,400.5281066894531,414.1820983886719,394.8172912597656,419.50225830078125,400.4873962402344,444.554931640625,414.0537109375,447.4462585449219,443.8060302734375,461.1469421386719
351.1407775878906,357.2896423339844,330.3035583496094,350.7408447265625,343.0759582519531,358.8980407714844,369.5781555175781,374.2256164550781,389.7933044433594,369.69384765625,395.9226989746094,398.7787780761719,413.3271484375,401.14422607421875,417.9654235839844,404.7640075683594,433.32830810546875,414.751220703125,435.42822265625,434.6839599609375,448.421875
317.7695007324219,323.94293212890625,299.93804931640625,315.7439270019531,313.8536376953125,334.31390380859375,335.06390380859375,338.7867431640625,355.9090881347656,339.81591796875,360.7275390625,366.4941101074219,383.3255615234375,373.19439697265625,384.5145263671875,377.09405517578125,401.98797607421875,387.8927001953125,402.52557373046875,404.3191223144531,416.08966064453125
309.45416259765625,315.9284973144531,294.3262023925781,306.5240173339844,305.9447326660156,323.4108581542969,325.3031005859375,328.07586669921875,344.2523193359375,332.6371765136719,349.7550048828125,355.41973876953125,370.629638671875,363.0404968261719,373.8449401855469,369.2206115722656,389.9422607421875,380.4525451660156,392.5205383300781,395.311767578125,405.8110656738281
310.1849670410156,314.0008850097656,296.2892761230469,305.89947509765625,305.9854736328125,321.0018310546875,323.61566162109375,326.15814208984375,339.7027282714844,330.9654235839844,345.4539794921875,352.5528259277344,363.1625061035156,360.6356506347656,369.6124572753906,367.8714904785156,386.2506103515625,381.3060607910156,390.5201416015625,394.00518798828125,403.30206298828125
275.29083251953125,280.7634582519531,264.3998718261719,272.91278076171875,275.6520080566406,290.2816162109375,292.7208251953125,296.136962890625,309.2623291015625,302.3786315917969,314.2900085449219,320.794921875,332.9475402832031,328.8130798339844,335.6546630859375,334.83905029296875,351.89349365234375,347.7097473144531,354.5716552734375,360.1013488769531,368.6075744628906
260.12078857421875,267.4327697753906,252.86019897460938,259.37451171875,261.96868896484375,274.38653564453125,277.6412353515625,281.5904846191406,292.706787109375,288.5281066894531,300.17828369140625,307.4737548828125,319.2247619628906,317.9914245605469,324.0002136230469,324.4299011230469,339.81036376953125,338.12164306640625,344.6276550292969,351.2736511230469,359.27532958984375
254.4160919189453,262.274658203125,248.7118377685547,253.6336212158203,255.50694274902344,266.9722595214844,270.51092529296875,274.01873779296875,283.77435302734375,280.8509521484375,291.6999206542969,298.97674560546875,310.69757080078125,310.1679382324219,316.25604248046875,317.8495788574219,332.18402099609375,332.2816162109375,338.8606262207031,346.0107727050781,353.5636901855469
255.46044921875,261.77813720703125,249.81466674804688,254.22666931152344,256.1829528808594,266.4140319824219,269.9136657714844,272.90673828125,281.7835388183594,279.2873229980469,288.822998046875,295.3537292480469,306.455810546875,307.72882080078125,313.065185546875,315.0643310546875,327.7366638183594,329.49798583984375,335.7134704589844,341.7984924316406,349.28564453125
251.27059936523438,258.3260803222656,247.48182678222656,251.1767578125,253.2445831298828,262.7034912109375,266.9798278808594,269.9662780761719,278.29541015625,276.3143005371094,284.17071533203125,290.8626403808594,300.94488525390625,302.7825012207031,308.1300964355469,309.49224853515625,320.6809387207031,322.85076904296875,328.8503723144531,335.240966796875,342.2509765625
239.97389221191406,249.267578125,238.84226989746094,241.45242309570312,243.94662475585938,252.34117126464844,257.68853759765625,261.56353759765625,268.4219970703125,268.4529113769531,275.7099304199219,282.233154296875,291.17132568359375,293.42193603515625,298.57537841796875,300.17559814453125,310.84918212890625,313.8415832519531,318.3064270019531,325.5160827636719,332.2154846191406
226.4625701904297,237.56512451171875,226.81558227539062,228.91937255859375,232.49252319335938,239.9227752685547,245.69508361816406,249.7978057861328,256.35357666015625,257.0928649902344,264.315673828125,271.2018737792969,279.7054748535156,282.3966064453125,287.59027099609375,290.6398620605469,299.7433776855469,302.93310546875,307.4172668457031,313.8511657714844,320.43359375
286.4717102050781,285.2236328125,278.0030212402344,276.99395751953125,278.32537841796875,288.265625,292.9402160644531,295.8147888183594,304.41619873046875,302.5246276855469,307.1982727050781,313.7633972167969,322.4541931152344,325.59637451171875,329.9918518066406,330.43548583984375,338.3097229003906,342.03399658203125,348.1896057128906,352.0941162109375,357.88446044921875
269.78912353515625,273.6531066894531,265.46746826171875,264.6388244628906,266.43017578125,275.0425109863281,280.3180847167969,284.1158752441406,291.3969421386719,291.454833984375,296.5344543457031,302.8737487792969,310.64166259765625,313.9677734375,319.25689697265625,320.83795166015625,328.68975830078125,331.732421875,337.17919921875,343.28509521484375,348.5047607421875
356.5002136230469,348.3955993652344,343.2115478515625,340.070068359375,338.7259826660156,347.1880798339844,356.3641357421875,360.674072265625,366.9515380859375,369.6837463378906,373.7585144042969,380.3005065917969,386.97637939453125,391.7236633300781,396.02069091796875,397.4569396972656,404.095947265625,409.5807800292969,415.89642333984375,419.20855712890625,423.51708984375
672.6054077148438,607.5007934570312,584.2691650390625,570.8336181640625,531.5272827148438,533.4198608398438,581.1852416992188,614.7406616210938,600.2064819335938,616.6640625,626.0108642578125,653.3211669921875,526.8351440429688,578.780517578125,621.201416015625,614.256591796875,618.2860717773438,653.9846801757812,663.006591796875,681.8941650390625,692.0096435546875
527.265380859375,495.48602294921875,488.2000732421875,484.3720703125,466.8976135253906,473.6918029785156,481.0773010253906,489.3469543457031,501.5113220214844,505.0346374511719,518.0408935546875,523.6812133789062,501.3501892089844,505.91259765625,525.7698364257812,536.2191162109375,542.708251953125,545.4909057617188,568.0132446289062,567.7991333007812,570.8736572265625
426.53326416015625,419.45416259765625,411.8650817871094,407.2589416503906,406.1588134765625,406.0224304199219,401.94757080078125,401.86285400390625,415.01422119140625,416.0392761230469,424.0211486816406,429.1302795410156,452.0723571777344,437.74591064453125,441.9685363769531,462.1857604980469,469.689208984375,464.2518310546875,476.2201232910156,478.9361877441406,482.06146240234375
396.713134765625,394.97515869140625,388.1968688964844,385.00921630859375,384.8028564453125,385.0357360839844,381.0632629394531,379.45330810546875,390.5255432128906,389.712158203125,395.4652099609375,398.1207580566406,419.70159912109375,404.9267883300781,405.65118408203125,421.95751953125,434.5481872558594,433.6140441894531,441.9349060058594,445.96502685546875,449.1648864746094
550.1507568359375,517.5916137695312,504.2288818359375,503.2503662109375,479.30224609375,487.49151611328125,501.365478515625,514.770751953125,521.9012451171875,528.8514404296875,531.6651000976562,540.4093627929688,488.08050537109375,510.6348876953125,523.3064575195312,524.8462524414062,538.3237915039062,552.3661499023438,567.63037109375,575.720947265625,577.9447631835938
416.024658203125,422.2873229980469,413.930419921875,409.057861328125,408.8213195800781,405.2913513183594,401.553955078125,401.66424560546875,411.7765197753906,414.5730285644531,420.9691162109375,425.48211669921875,446.47406005859375,424.4579772949219,421.7553405761719,435.2055358886719,441.2093811035156,441.2020263671875,449.1851501464844,455.7416687011719,459.13043212890625
918.63427734375,806.4308471679688,755.8849487304688,746.4682006835938,697.3213500976562,706.6730346679688,737.6841430664062,751.4931030273438,739.3612060546875,780.5726318359375,777.6785888671875,793.7944946289062,690.9729614257812,723.1537475585938,761.8931884765625,759.4671020507812,753.9702758789062,791.00439453125,764.7501831054688,803.427978515625,817.843017578125
1452.115966796875,1233.854736328125,1161.2161865234375,1145.3345947265625,1074.6541748046875,1081.7379150390625,1073.0821533203125,1078.299560546875,1059.8123779296875,1060.63916015625,1074.853271484375,1080.61474609375,970.0463256835938,984.0414428710938,1070.2935791015625,1075.97021484375,1090.7144775390625,1070.7783203125,1053.3114013671875,1090.06103515625,1115.062744140625
1691.6986083984375,1422.7926025390625,1333.107421875,1316.0546875,1248.72802734375,1252.5257568359375,1249.2728271484375,1259.0025634765625,1244.1038818359375,1247.0775146484375,1258.1195068359375,1279.7579345703125,1180.3714599609375,1192.893798828125,1248.8194580078125,1278.74169921875,1301.3028564453125,1294.0684814453125,1285.2625732421875,1311.4068603515625,1338.1556396484375
1190.666015625,1119.3720703125,1032.39892578125,1017.5680541992188,993.911865234375,1006.2858276367188,1036.8836669921875,1063.6708984375,1078.79541015625,1122.986083984375,1124.4627685546875,1127.74560546875,1107.8099365234375,1089.8321533203125,1040.310791015625,1087.023193359375,1112.4786376953125,1158.26611328125,1178.66845703125,1185.178466796875,1166.4541015625
964.9094848632812,966.3302001953125,931.9608154296875,896.6925048828125,889.2984619140625,862.9974975585938,904.3174438476562,944.4006958007812,962.609130859375,948.5244750976562,959.6227416992188,997.9263305664062,962.0059204101562,963.5366821289062,897.3106079101562,924.863525390625,962.0809326171875,988.5357055664062,1037.3841552734375,1036.6044921875,1014.6503295898438
741.7158813476562,788.291015625,783.7235717773438,766.62939453125,757.2337036132812,747.0335083007812,746.2264404296875,765.7592163085938,799.6293334960938,798.6602172851562,804.9388427734375,813.8695678710938,849.2000732421875,824.2674560546875,734.5447998046875,761.1026611328125,797.7384033203125,792.573486328125,830.7098999023438,828.8209838867188,805.4234619140625
1469.8306884765625,1291.85009765625,1186.084716796875,1150.474609375,1086.410400390625,1084.72021484375,1075.5950927734375,1080.798095703125,1084.0430908203125,1097.203857421875,1102.5987548828125,1104.8829345703125,1036.8245849609375,1046.22607421875,1076.975341796875,1089.8946533203125,1099.3680419921875,1112.1949462890625,1079.4443359375,1125.3338623046875,1141.15625
1740.370361328125,1542.229736328125,1421.8692626953125,1382.1683349609375,1313.7470703125,1303.4541015625,1285.35400390625,1295.296142578125,1291.251220703125,1297.4073486328125,1311.5311279296875,1321.375244140625,1256.3511962890625,1251.3280029296875,1299.224853515625,1303.611572265625,1320.9329833984375,1327.0367431640625,1320.2850341796875,1342.4967041015625,1359.131591796875
1536.1893310546875,1472.2568359375,1343.2017822265625,1288.62353515625,1241.4327392578125,1242.584228515625,1239.9608154296875,1249.6207275390625,1270.7611083984375,1294.9146728515625,1296.4466552734375,1319.372802734375,1296.4908447265625,1292.808349609375,1269.522216796875,1291.42919921875,1304.130126953125,1338.9168701171875,1337.6259765625,1354.86669921875,1361.5328369140625
1277.6773681640625,1279.51611328125,1254.3507080078125,1189.6466064453125,1166.1600341796875,1149.8424072265625,1160.0758056640625,1173.40576171875,1190.1444091796875,1205.7896728515625,1237.0045166015625,1252.1109619140625,1267.7950439453125,1251.9212646484375,1173.5418701171875,1182.25927734375,1192.2374267578125,1232.9755859375,1257.4161376953125,1261.7288818359375,1253.3455810546875
1032.3702392578125,1089.550537109375,1109.9395751953125,1063.859375,1039.59619140625,986.5018920898438,1009.68896484375,1035.1185302734375,1057.2374267578125,1044.64892578125,1057.3228759765625,1097.6441650390625,1109.3453369140625,1120.2308349609375,1019.173583984375,1023.0169067382812,1039.410888671875,1053.6474609375,1106.43603515625,1103.1063232421875,1088.65185546875
861.3584594726562,928.0953979492188,973.159912109375,977.629150390625,962.7073974609375,911.714111328125,880.4209594726562,888.53271484375,924.9617919921875,922.7429809570312,936.7369384765625,948.3033447265625,992.619384765625,1008.5621948242188,900.2706298828125,899.8038940429688,914.593505859375,912.734619140625,956.1177368164062,963.2749633789062,941.5831298828125
751.3087158203125,804.41748046875,860.4381713867188,870.725341796875,890.132568359375,865.4183959960938,800.4524536132812,783.8123168945312,801.7407836914062,811.2000732421875,821.5137939453125,828.6234130859375,879.0861206054688,896.7719116210938,822.0899047851562,794.5927124023438,813.0552978515625,805.976318359375,830.4498291015625,839.6207275390625,825.6508178710938
619.6634521484375,677.4541015625,721.4954833984375,756.4686889648438,790.0123291015625,769.8108520507812,704.1237182617188,669.5769653320312,681.0350341796875,681.845458984375,687.5245971679688,692.380859375,756.3675537109375,772.0756225585938,717.129638671875,682.3082275390625,685.4080200195312,680.417724609375,689.428466796875,698.3418579101562,690.4758911132812
541.8174438476562,584.7061767578125,636.1873779296875,672.9459228515625,689.3778686523438,694.9519653320312,643.7481689453125,602.6812133789062,603.8621215820312,602.2061157226562,606.2255859375,608.9777221679688,654.0084838867188,673.1051025390625,645.9801025390625,609.1587524414062,605.9236450195312,599.4187622070312,603.3778076171875,610.15185546875,606.3448486328125
489.16455078125,533.70947265625,575.4564819335938,606.5858154296875,634.7405395507812,639.173583984375,600.083740234375,558.1343383789062,553.7145385742188,550.6026000976562,553.9013671875,554.2036743164062,585.8960571289062,606.7090454101562,593.480224609375,559.750732421875,551.6033935546875,544.8554077148438,546.7723999023438,552.13671875,549.4293212890625
564.00146484375,597.8263549804688,644.6570434570312,667.2097778320312,687.1369018554688,688.7548217773438,666.393310546875,634.77880859375,622.042236328125,622.3759765625,622.0589599609375,623.836669921875,643.3452758789062,665.188720703125,660.3950805664062,632.1898193359375,617.8221435546875,613.016845703125,613.7240600585938,617.8641967773438,615.1771850585938
1219.8292236328125,1149.3131103515625,1115.0146484375,1102.978515625,1040.7645263671875,1041.7655029296875,1041.0069580078125,1038.8914794921875,1014.092041015625,1041.8973388671875,1042.2677001953125,1053.515380859375,998.1896362304688,1023.8486938476562,1070.5946044921875,1046.5626220703125,1014.1405029296875,1055.9398193359375,1026.94482421875,1056.9171142578125,1068.443359375
1714.4234619140625,1547.5338134765625,1456.452880859375,1434.56298828125,1361.779541015625,1353.1297607421875,1334.8897705078125,1312.141845703125,1304.261962890625,1309.8553466796875,1326.92041015625,1324.880615234375,1265.8739013671875,1276.1693115234375,1348.4935302734375,1342.0321044921875,1337.705078125,1321.2281494140625,1299.946533203125,1328.6854248046875,1356.6405029296875
1789.222900390625,1668.1195068359375,1569.1751708984375,1540.4560546875,1486.497802734375,1482.307861328125,1476.399658203125,1458.705322265625,1442.416015625,1447.9854736328125,1466.9246826171875,1486.184326171875,1446.4371337890625,1452.8143310546875,1489.82275390625,1535.4119873046875,1528.8109130859375,1519.0721435546875,1503.3260498046875,1518.375,1536.4122314453125
1536.105224609375,1532.676025390625,1468.4876708984375,1439.209228515625,1410.7659912109375,1421.0526123046875,1433.6180419921875,1424.51318359375,1408.6580810546875,1418.348876953125,1425.345947265625,1439.315673828125,1433.9420166015625,1454.7591552734375,1427.7095947265625,1459.580322265625,1478.83056640625,1494.595703125,1488.7794189453125,1480.475830078125,1482.556396484375
1200.9110107421875,1242.01318359375,1246.920654296875,1253.225830078125,1250.5908203125,1209.261962890625,1241.16259765625,1272.40087890625,1236.05908203125,1210.96630859375,1212.5174560546875,1239.079833984375,1238.9447021484375,1243.7783203125,1199.2918701171875,1225.727294921875,1251.596923828125,1279.4847412109375,1315.447998046875,1305.7943115234375,1285.1729736328125
927.246337890625,967.8504028320312,1014.4146118164062,1047.4405517578125,1060.773681640625,1075.2301025390625,1049.5738525390625,1061.9759521484375,1065.4925537109375,1012.6235961914062,1002.7568969726562,1006.1937255859375,1030.34619140625,1046.3316650390625,975.0350952148438,984.4275512695312,1013.0471801757812,1022.6325073242188,1054.166015625,1047.947509765625,1027.070556640625
821.612548828125,860.4934692382812,903.8237915039062,950.926025390625,963.1402587890625,986.3635864257812,961.1546020507812,957.528564453125,964.8951416015625,927.8287963867188,907.7356567382812,898.3197021484375,927.0030517578125,926.0881958007812,869.6182250976562,856.1027221679688,872.2212524414062,885.110595703125,903.3233032226562,905.2666625976562,891.1980590820312
692.2103271484375,713.638427734375,769.9187622070312,807.9298095703125,866.558349609375,874.746337890625,849.505126953125,832.0391845703125,838.904296875,816.9473266601562,795.0932006835938,782.4913330078125,813.726806640625,811.9027099609375,764.4762573242188,742.3901977539062,752.14208984375,752.6149291992188,759.01220703125,762.2163696289062,752.8536987304688
739.6536254882812,769.6275634765625,803.4658813476562,830.7880249023438,881.6445922851562,896.5391845703125,886.1426391601562,870.9588012695312,868.2404174804688,860.3323364257812,843.13818359375,830.240966796875,843.2809448242188,847.3473510742188,817.2219848632812,781.470458984375,783.5852661132812,786.0082397460938,790.7283325195312,793.0022583007812,786.6859130859375
561.8366088867188,582.7298583984375,609.5328369140625,659.1585083007812,712.6774291992188,732.9199829101562,721.022705078125,700.8685302734375,693.9358520507812,685.63134765625,677.7593383789062,662.4776611328125,675.4089965820312,683.5693359375,660.8103637695312,627.5446166992188,620.40234375,618.2113647460938,619.8344116210938,621.3623046875,617.4609375
434.37982177734375,455.5475769042969,474.333984375,514.4014282226562,562.4391479492188,596.7976684570312,588.824951171875,574.9126586914062,570.65869140625,556.4964599609375,548.2734375,533.5646362304688,540.8619995117188,551.1119384765625,538.1290893554688,507.4700927734375,497.72515869140625,492.5290222167969,491.9410095214844,491.89947509765625,490.8648986816406
334.23858642578125,355.736572265625,372.1871032714844,407.6265563964844,450.5431823730469,487.6869201660156,489.3918151855469,481.60614013671875,478.4712829589844,463.68231201171875,454.3431701660156,437.9237365722656,440.6317443847656,452.3052673339844,445.1086730957031,420.7142333984375,409.9981384277344,403.5862731933594,403.4035339355469,406.9937744140625,408.8530578613281
359.5491027832031,377.77557373046875,393.3639831542969,428.6657409667969,472.5289611816406,513.2998046875,512.083740234375,504.0963439941406,498.4906311035156,485.3157958984375,473.7191162109375,460.2562561035156,461.01593017578125,470.3183288574219,467.6992492675781,446.80731201171875,433.4424133300781,426.9576110839844,424.8579406738281,423.96142578125,422.9476318359375
309.8252258300781,327.9331359863281,343.5445861816406,375.7671813964844,412.8497314453125,450.51141357421875,457.8048400878906,455.5885925292969,449.90057373046875,441.0693359375,429.76202392578125,413.1028747558594,408.9563293457031,416.6780090332031,416.9686279296875,401.134765625,389.6433410644531,382.6540222167969,380.4452819824219,383.2483215332031,384.0019226074219
284.8761291503906,302.78485107421875,317.03936767578125,348.1764831542969,383.91015625,419.4872741699219,428.84674072265625,429.15478515625,423.73211669921875,416.4305419921875,407.22601318359375,392.1701965332031,384.5227355957031,389.24530029296875,390.457275390625,377.3967590332031,364.7978210449219,357.0906066894531,354.9508361816406,357.37371826171875,358.3357849121094
260.4212646484375,278.6376647949219,292.7088623046875,320.6814270019531,357.1325988769531,388.5683288574219,403.4822998046875,406.22509765625,402.4397888183594,396.0734558105469,388.3172912597656,374.5018005371094,364.9936218261719,368.4150085449219,369.8639221191406,360.7140808105469,348.49237060546875,340.1438293457031,337.38623046875,340.9092712402344,341.8890686035156
255.34022521972656,272.2988586425781,286.28497314453125,313.90374755859375,348.6541442871094,379.547607421875,398.31396484375,398.96826171875,396.3233642578125,390.7647705078125,383.3061828613281,370.5496520996094,360.6763610839844,362.6734924316406,362.8255920410156,354.2421875,341.22406005859375,332.14739990234375,328.15802001953125,329.7947082519531,330.7953796386719
249.9569854736328,267.30938720703125,280.4645690917969,306.293701171875,339.6387634277344,370.1367492675781,390.8437194824219,393.61883544921875,390.7026672363281,384.9192199707031,378.339599609375,367.26019287109375,356.35693359375,356.6678161621094,358.02679443359375,351.5519104003906,338.71112060546875,329.2020568847656,324.515625,325.8754577636719,326.6150817871094
283.9331970214844,300.27777099609375,313.1851501464844,336.63507080078125,366.6558532714844,398.0205078125,419.8563232421875,422.4450988769531,419.06781005859375,411.9032287597656,402.00799560546875,390.3505554199219,380.68499755859375,379.9330749511719,379.6998291015625,371.9568786621094,360.5210876464844,351.958740234375,347.4857482910156,346.155517578125,346.54620361328125
249.9848175048828,266.8902587890625,279.5278015136719,298.7541809082031,327.50885009765625,354.9153747558594,380.5049133300781,388.6591796875,390.0058288574219,386.0813903808594,379.6431579589844,368.2638854980469,354.9963073730469,352.2469482421875,354.99969482421875,351.831298828125,342.29400634765625,334.4693603515625,328.26953125,328.72723388671875,329.3591613769531
234.92787170410156,251.4890594482422,264.50677490234375,281.9588928222656,310.1986389160156,337.9121398925781,361.72894287109375,370.9288330078125,373.2882995605469,371.1653137207031,366.61126708984375,359.42913818359375,346.1380310058594,342.2341003417969,341.5964050292969,338.3639831542969,328.7598571777344,319.42156982421875,313.3061218261719,313.5860900878906,314.3778381347656
225.11277770996094,242.05751037597656,253.88595581054688,271.3977966308594,297.2611389160156,324.79510498046875,348.13641357421875,358.74200439453125,362.3351745605469,359.6295166015625,355.25616455078125,350.46771240234375,338.651611328125,334.0508117675781,332.8875427246094,329.79522705078125,320.5924377441406,310.330810546875,304.1468811035156,302.8606262207031,303.3387451171875
219.4776153564453,237.80331420898438,249.20584106445312,266.2485656738281,291.4439392089844,317.35809326171875,340.177978515625,351.7033996582031,356.730224609375,354.0472106933594,349.0352783203125,345.50274658203125,334.8973388671875,329.8521423339844,329.05096435546875,326.26123046875,317.5697326660156,306.828369140625,299.86175537109375,297.423828125,297.36602783203125
245.7482147216797,262.336181640625,277.088134765625,293.82720947265625,317.48199462890625,342.7723083496094,365.97479248046875,376.5917663574219,377.1270446777344,373.868896484375,368.95672607421875,359.8272399902344,351.53466796875,347.4504089355469,346.7359313964844,343.07391357421875,334.3756103515625,324.60699462890625,317.7150573730469,314.7268981933594,313.94464111328125
282.2154846191406,295.9825134277344,313.9834899902344,331.2859191894531,352.47064208984375,377.3586730957031,400.19085693359375,410.5119323730469,410.1153869628906,406.72821044921875,398.7801513671875,386.7066650390625,378.4653015136719,373.7185363769531,372.36016845703125,368.5688171386719,360.236083984375,352.3498840332031,346.8575744628906,341.385009765625,340.3954162597656
307.29400634765625,319.4881896972656,338.53497314453125,354.4662170410156,374.2152404785156,397.8756103515625,419.5406188964844,432.7226257324219,433.929443359375,432.6470031738281,426.0548095703125,415.13287353515625,405.5905456542969,399.13702392578125,395.820068359375,390.1941833496094,383.1473693847656,376.48223876953125,371.6727294921875,366.1938781738281,365.088134765625
282.4329528808594,294.5930480957031,309.539306640625,325.4898681640625,343.2458801269531,364.3983154296875,387.1421203613281,403.6387023925781,406.1838073730469,408.92962646484375,405.8867492675781,397.9643859863281,387.27471923828125,379.8045349121094,375.7666015625,371.3944091796875,364.28857421875,356.5932312011719,351.40460205078125,347.9917907714844,347.1941833496094
258.1111145019531,270.4930419921875,284.23602294921875,299.0478515625,315.67132568359375,334.897705078125,357.4283752441406,376.9740295410156,381.770751953125,384.3695983886719,384.89703369140625,379.1529846191406,369.55584716796875,361.9872131347656,359.7674560546875,357.30743408203125,349.95587158203125,341.2635192871094,335.4161376953125,333.1358947753906,333.0783996582031
532.7511596679688,538.0674438476562,562.2455444335938,576.4061279296875,596.6176147460938,616.140380859375,656.6382446289062,671.50439453125,663.9024047851562,659.3057861328125,646.5076293945312,637.1261596679688,627.245849609375,617.4949340820312,611.8262939453125,605.5775146484375,594.5241088867188,588.7408447265625,583.4288330078125,577.3716430664062,572.9285888671875
779.4515380859375,775.4273681640625,794.3982543945312,796.1495971679688,794.3269653320312,808.9859008789062,842.1941528320312,888.648681640625,880.5213012695312,883.3424682617188,871.5941162109375,868.3110961914062,831.1746826171875,829.8303833007812,835.9583740234375,827.5598754882812,813.984375,815.0513305664062,813.157470703125,810.1961059570312,807.777099609375
632.0550537109375,634.6369018554688,647.6060180664062,669.0383911132812,678.3483276367188,690.4537963867188,708.0242919921875,738.391357421875,752.8401489257812,754.4880981445312,750.2249145507812,743.572998046875,737.9346313476562,721.8909301757812,714.6784057617188,716.9922485351562,709.677734375,702.3411865234375,697.016845703125,693.9407348632812,692.2628173828125
506.49603271484375,509.92449951171875,517.41796875,534.758544921875,552.42626953125,566.476318359375,579.51416015625,603.85546875,624.5137939453125,624.3700561523438,626.9251708984375,620.7247924804688,614.4174194335938,602.1868286132812,594.1697998046875,591.7142944335938,589.2952880859375,582.5355224609375,576.7135620117188,571.5623779296875,571.2252197265625
635.3198852539062,633.718994140625,642.4746704101562,651.0204467773438,671.12890625,683.1886596679688,698.6310424804688,720.3121948242188,741.4212646484375,747.7782592773438,745.8187866210938,743.6083984375,734.1341552734375,720.357177734375,710.4657592773438,708.5119018554688,704.1361083984375,701.38330078125,698.2283325195312,696.1555786132812,695.1932373046875
785.473388671875,775.7310791015625,777.5746459960938,778.4978637695312,784.4832763671875,794.9778442382812,819.9790649414062,848.7186889648438,870.361328125,885.9475708007812,888.4010009765625,888.1605224609375,851.031982421875,844.534423828125,841.8177490234375,829.489501953125,822.3037109375,823.635009765625,824.247802734375,823.8164672851562,824.293212890625
1244.2745361328125,1170.724609375,1118.318115234375,1081.403076171875,1047.7581787109375,1044.796630859375,1071.756591796875,1093.5313720703125,1112.4404296875,1140.8773193359375,1147.8897705078125,1144.6129150390625,1049.3621826171875,1060.9522705078125,1103.201416015625,1087.0140380859375,1063.7618408203125,1086.8121337890625,1069.948974609375,1088.001953125,1098.9984130859375
1534.5904541015625,1439.501953125,1349.56201171875,1301.506103515625,1259.189697265625,1266.3720703125,1266.415283203125,1275.778076171875,1289.511962890625,1310.81982421875,1331.595947265625,1326.8134765625,1292.2567138671875,1270.28759765625,1306.939208984375,1317.3458251953125,1292.2283935546875,1295.6376953125,1274.3095703125,1283.882080078125,1299.0311279296875
1029.1756591796875,1022.6074829101562,998.5691528320312,990.54931640625,980.2395629882812,984.2847900390625,1012.3740234375,1064.2645263671875,1087.2916259765625,1091.9022216796875,1116.6829833984375,1148.3582763671875,1132.69384765625,1128.6546630859375,1066.75,1086.336181640625,1092.188720703125,1078.3536376953125,1096.384521484375,1082.482177734375,1074.085205078125
571.893798828125,592.0875854492188,601.09521484375,623.01220703125,652.0977172851562,659.770751953125,638.8573608398438,647.9470825195312,691.464599609375,701.2323608398438,728.980712890625,739.4117431640625,782.0155029296875,770.2051391601562,684.0249633789062,698.2482299804688,723.2178344726562,694.2105712890625,695.2032470703125,675.3124389648438,663.41845703125
391.95159912109375,412.652587890625,417.1296081542969,430.1302185058594,453.0411071777344,464.52862548828125,444.157470703125,449.9792785644531,489.458251953125,497.3533020019531,528.2991333007812,539.7753295898438,569.876220703125,577.7047119140625,519.3568725585938,515.8519287109375,534.8457641601562,516.3536376953125,510.3592224121094,495.9964294433594,487.97515869140625
490.9797668457031,506.8029479980469,512.8782348632812,522.1868286132812,541.51220703125,550.8247680664062,536.9750366210938,537.8754272460938,563.9650268554688,576.6378784179688,598.6028442382812,608.5814819335938,628.8167724609375,639.2354736328125,609.0537719726562,598.4480590820312,610.0927734375,599.597412109375,592.142822265625,579.8767700195312,570.6392211914062
639.5399169921875,652.7498168945312,661.7930297851562,669.1806030273438,676.9592895507812,688.0252685546875,682.811767578125,681.0426635742188,698.229248046875,717.6806640625,729.4331665039062,736.203369140625,747.8258666992188,753.6654052734375,736.8843994140625,726.901611328125,731.1859741210938,725.9757080078125,718.87109375,710.1346435546875,701.8128662109375
562.7252197265625,574.208251953125,582.8347778320312,590.8534545898438,601.9791259765625,611.8399047851562,609.0040283203125,606.9065551757812,621.2854614257812,637.6311645507812,654.2066650390625,659.3927612304688,665.5399780273438,670.1842041015625,659.3023681640625,645.556396484375,646.9239501953125,644.447021484375,636.9563598632812,625.4324951171875,617.395263671875
485.3330078125,496.31097412109375,504.5708312988281,510.444091796875,523.7232055664062,533.6927490234375,530.11328125,528.0996704101562,541.74609375,554.7882080078125,573.7190551757812,581.8450927734375,585.9932861328125,590.4967651367188,581.653564453125,567.7822265625,566.2252807617188,563.6357421875,555.3443603515625,543.7891235351562,535.8359375
260.9085693359375,280.43707275390625,285.2735290527344,292.80487060546875,302.56982421875,309.2992248535156,307.89886474609375,310.3863220214844,327.7118225097656,337.8547668457031,363.9980163574219,379.76373291015625,387.02703857421875,395.77862548828125,396.4758605957031,387.8648376464844,387.1543273925781,383.4247131347656,376.1131896972656,370.41351318359375,365.7922058105469
236.6810302734375,255.12823486328125,260.6977233886719,267.450927734375,277.2920227050781,281.8868103027344,281.79840087890625,283.17236328125,296.5621643066406,305.817626953125,328.3619689941406,346.089111328125,350.14141845703125,357.168212890625,355.43475341796875,348.4353332519531,345.20849609375,340.9906921386719,333.1933898925781,327.1248779296875,322.67315673828125
332.4611511230469,340.4656982421875,347.20526123046875,351.919677734375,361.5001525878906,372.7540283203125,370.6929931640625,368.3211669921875,382.9800720214844,388.97967529296875,404.6912536621094,416.7144470214844,420.8984680175781,424.3619079589844,420.7664489746094,410.5780029296875,405.1158447265625,402.9710388183594,397.5970764160156,386.5777587890625,379.6327209472656
382.3695983886719,389.46044921875,395.9079895019531,399.3617858886719,407.2128601074219,417.3758544921875,416.98858642578125,414.3495788574219,425.11163330078125,435.4829406738281,449.7708740234375,462.0804748535156,466.9398193359375,469.99017333984375,465.5599365234375,454.9059753417969,447.0736083984375,445.18017578125,440.767578125,430.8758239746094,424.91888427734375
282.9027099609375,294.2382507324219,300.7587890625,305.7438049316406,312.1295471191406,317.85198974609375,318.9712829589844,319.43994140625,331.134521484375,339.12652587890625,355.8662109375,370.0448303222656,377.7451477050781,381.97314453125,383.36090087890625,377.1896667480469,371.8193359375,367.2156982421875,362.3385009765625,356.9338684082031,351.76141357421875
235.03839111328125,249.7305145263672,255.1572265625,260.8247375488281,267.7322082519531,271.4013977050781,274.69683837890625,276.2533874511719,284.5710754394531,295.710693359375,312.533935546875,328.99713134765625,338.52178955078125,343.1005859375,345.21624755859375,342.16943359375,336.613525390625,331.30255126953125,325.2582092285156,322.1653747558594,318.22674560546875
215.53916931152344,230.04428100585938,235.98118591308594,240.64674377441406,248.07052612304688,250.99295043945312,254.43505859375,255.39776611328125,262.04461669921875,271.5604553222656,287.7336730957031,304.5059509277344,313.1978759765625,317.33221435546875,319.9486083984375,319.4016418457031,314.761474609375,309.9536437988281,304.362060546875,299.8277282714844,295.9792175292969
197.91363525390625,213.07394409179688,218.62908935546875,223.47193908691406,230.30712890625,233.1151885986328,237.60890197753906,237.96005249023438,244.06568908691406,252.15850830078125,267.08868408203125,284.9332275390625,294.22833251953125,297.9608459472656,300.5141296386719,301.72705078125,298.59869384765625,293.47723388671875,286.4534606933594,281.2358703613281,277.0045166015625
185.29043579101562,201.02450561523438,206.46202087402344,210.60691833496094,217.11001586914062,220.4840545654297,224.90240478515625,224.8885955810547,230.73568725585938,237.83058166503906,251.42001342773438,269.2601013183594,279.4375915527344,282.99163818359375,285.1958923339844,286.82733154296875,284.06298828125,280.0532531738281,273.1687316894531,267.5888366699219,263.5360107421875
174.6857452392578,190.1499786376953,196.9184112548828,200.44964599609375,205.5558624267578,209.45982360839844,214.3933563232422,214.1441650390625,219.1388397216797,226.7350311279297,238.91136169433594,257.14312744140625,266.52349853515625,271.00091552734375,273.980712890625,276.54473876953125,271.4485168457031,269.5019226074219,262.3521728515625,256.73675537109375,252.5436553955078
164.28607177734375,179.6204833984375,186.35580444335938,189.8256378173828,194.47645568847656,198.508544921875,203.4812469482422,203.31040954589844,207.84548950195312,214.1583709716797,225.9361114501953,244.4538116455078,253.95773315429688,258.87799072265625,261.1982421875,264.1701965332031,258.5097351074219,257.77557373046875,250.56509399414062,245.34622192382812,241.49314880371094
154.20994567871094,168.73501586914062,176.337890625,179.7782440185547,183.2515106201172,187.68812561035156,192.216796875,192.20025634765625,196.05816650390625,202.12860107421875,213.7321014404297,231.7288055419922,241.29812622070312,246.72157287597656,248.36441040039062,251.9849853515625,246.6619110107422,246.57493591308594,238.072998046875,233.6830291748047,230.52806091308594
143.64376831054688,158.4393768310547,165.92762756347656,169.30145263671875,173.31817626953125,177.4392852783203,181.27601623535156,181.5648193359375,185.86685180664062,191.32032775878906,201.37281799316406,221.11199951171875,229.95938110351562,235.2071990966797,238.23944091796875,242.22669982910156,237.05067443847656,238.0731201171875,229.22535705566406,225.3489532470703,222.34632873535156
138.491943359375,152.625732421875,160.70162963867188,163.5060577392578,167.35009765625,171.30703735351562,174.57476806640625,175.4267120361328,179.52589416503906,185.0059356689453,194.75123596191406,212.22119140625,222.28970336914062,228.2615966796875,230.77151489257812,235.01390075683594,230.7171630859375,231.92335510253906,223.49404907226562,219.52085876464844,216.58909606933594
133.32894897460938,147.0224151611328,155.21554565429688,158.6353759765625,162.0843505859375,166.68577575683594,169.45361328125,170.07940673828125,173.82691955566406,179.17799377441406,189.4327392578125,205.03196716308594,215.1212615966797,222.04815673828125,225.36349487304688,229.7897491455078,226.09381103515625,226.69464111328125,218.14122009277344,214.79664611816406,211.8214111328125
142.3844757080078,155.0334014892578,162.75909423828125,166.2371826171875,169.79953002929688,173.27247619628906,176.4903106689453,176.94053649902344,180.00701904296875,185.42709350585938,195.49835205078125,210.04029846191406,219.8308563232422,224.5812225341797,227.32241821289062,229.9046173095703,227.1283416748047,225.0193634033203,219.8525848388672,215.5230255126953,212.7319793701172
156.83154296875,168.92613220214844,175.62147521972656,179.9085235595703,183.95408630371094,186.698486328125,190.26925659179688,191.06089782714844,194.32083129882812,199.9112091064453,209.57611083984375,220.53564453125,231.9227752685547,234.9037628173828,237.31317138671875,238.28720092773438,237.4097137451172,232.87269592285156,229.92848205566406,224.13343811035156,221.39903259277344
141.66322326660156,154.58497619628906,162.441162109375,166.0487060546875,169.76370239257812,173.94281005859375,177.03839111328125,177.6287841796875,180.64483642578125,185.19891357421875,195.7045135498047,208.77517700195312,218.68418884277344,223.11366271972656,225.89576721191406,228.1225128173828,225.6437225341797,224.31092834472656,219.1888885498047,214.18695068359375,211.6478271484375
129.76278686523438,142.3869171142578,150.825927734375,155.20872497558594,158.6501007080078,163.52676391601562,165.8730010986328,167.31405639648438,170.7215118408203,175.3986358642578,184.98651123046875,197.52796936035156,207.8833770751953,214.61618041992188,216.97348022460938,222.052734375,218.58297729492188,220.32069396972656,212.3563232421875,209.32496643066406,206.3335723876953